Date,Low,High,Open,Close,Volume
2014-09-11,5.23,5.555,5.284,5.2601,137453.7
2014-09-10,5.0,5.68,5.00095,5.27002,212872.8
2014-09-09,4.93042,5.09218,5.058,5.00095,87554.73
2014-09-08,4.86318,5.189,5.136,5.0254,154913.6
2014-09-07,4.951,5.22121,4.951,5.136,111481.0
2014-09-06,4.85,5.04129,4.94458,4.98655,64625.87
2014-09-05,4.8952,5.206,5.146,4.94791,83362.4
2014-09-04,4.817,5.3,4.84599,5.146,176577.3
2014-09-03,4.72299,4.92,4.80092,4.848,72554.01
2014-09-02,4.60502,4.9489,4.7,4.767,236646.2
2014-09-01,4.7,4.99,4.846,4.70001,111124.7
2014-08-31,4.7505,5.2,5.1511,4.846,647484.6
2014-08-30,5.07929,5.418,5.322,5.189,96741.56
2014-08-29,5.1,5.439,5.25875,5.34765,109812.7
2014-08-28,5.051,5.48,5.369,5.25875,205674.7
2014-08-27,5.25,5.89732,5.52328,5.369,317584.6
2014-08-26,5.16037,5.64,5.19214,5.52328,184910.1
2014-08-25,5.07781,5.4538,5.39073,5.19214,187535.7
2014-08-24,4.78011,5.74,4.86448,5.39073,478566.1
2014-08-23,4.66,5.27,5.2,4.86448,323459.8
2014-08-22,4.9001,5.78531,5.71536,5.2,520759.2
2014-08-21,5.423,6.19,5.49099,5.71536,629246.5
2014-08-20,4.325,5.7352,4.61,5.445,719443.7
2014-08-19,3.40491,4.89895,3.57202,4.67738,655190.7
2014-08-18,3.333,4.39086,4.29488,3.57202,724079.2
2014-08-17,4.16,4.99502,4.941,4.2948,322003.2
2014-08-16,4.85,5.1,5.06,4.941,104558.3
2014-08-15,4.9,5.19988,5.02549,5.05033,118508.8
2014-08-14,4.755,5.35,5.0,5.055,343808.5
2014-08-13,4.667,5.76,5.65122,5.00567,584418.7
2014-08-12,4.85,6.061,6.011,5.65122,358547.8
2014-08-11,5.75,6.91999,6.89,6.04,304226.5
2014-08-10,6.77796,6.996,6.9,6.91991,25100.31
2014-08-09,6.7,7.02134,6.9891,6.9,148625.5
2014-08-08,6.95,7.3,7.159,6.9891,83740.56
2014-08-07,6.8,7.22995,7.12964,7.15,166360.4
2014-08-06,7.05,7.25299,7.22,7.12964,39054.9
2014-08-05,7.10147,7.40376,7.35,7.18518,59239.62
2014-08-04,7.322,7.5,7.45643,7.40314,29900.41
2014-08-03,7.41,7.6,7.5688,7.45643,19579.6
2014-08-02,7.5,7.695,7.64856,7.64056,20315.52
2014-08-01,7.3799,7.841,7.47,7.67,86814.76
2014-07-31,6.97,7.58,7.21987,7.467,142696.6
2014-07-30,7.151,7.62795,7.56956,7.21987,90847.34
2014-07-29,7.474,7.68356,7.5299,7.548,27106.15
2014-07-28,7.349,7.75,7.7,7.5299,80618.56
2014-07-27,7.031,7.75044,7.54467,7.69051,102143.6
2014-07-26,7.402,7.68,7.54,7.52329,46634.93
2014-07-25,7.37,8.06608,7.7,7.57388,164912.2
2014-07-24,7.7,8.501,8.40492,7.7,185997.1
2014-07-23,8.34,8.5555,8.47298,8.40492,50415.42
2014-07-22,8.50072,8.63,8.554,8.53,16844.67
2014-07-21,8.34,8.62686,8.50201,8.55362,49694.63
2014-07-20,8.452,8.8,8.72164,8.5,60842.14
2014-07-19,8.59,8.82243,8.7402,8.70663,33018.61
2014-07-18,8.528,8.883,8.73856,8.75,70561.14
2014-07-17,8.251,8.749,8.326,8.66691,74353.31
2014-07-16,8.2,8.65,8.625,8.331,153524.8
2014-07-15,8.5869,8.856,8.72094,8.64,52304.69
2014-07-14,8.452,8.93,8.89498,8.66001,137778.3
2014-07-13,8.5453,9.13999,8.6,8.89336,168024.9
2014-07-12,7.7311,8.88,7.75,8.5999,240461.7
2014-07-11,7.67,7.97,7.69588,7.76791,73768.38
2014-07-10,7.53,7.7855,7.7267,7.71801,64729.09
2014-07-09,7.62232,7.95,7.6801,7.70466,121832.7
2014-07-08,7.44,7.77,7.508,7.7,102760.8
2014-07-07,6.9,7.8,7.07561,7.508,227496.0
2014-07-06,6.802,7.4,7.29195,7.08,108283.0
2014-07-05,6.66,7.5,7.25246,7.27554,225677.4
2014-07-04,7.11,7.98,7.91015,7.25246,146420.5
2014-07-03,7.8,8.08301,8.02259,7.91,66728.06
2014-07-02,7.0123,8.469,7.816,8.00267,333317.9
2014-07-01,2.21212,8.95842,8.9,7.83022,193355.3
2014-06-30,8.65,9.133,8.88509,8.9,121127.5
2014-06-29,8.81,9.27,9.0796,8.84682,81311.41
2014-06-28,9.07008,9.29,9.19,9.07961,36613.98
2014-06-27,8.95673,9.29,8.98574,9.21,51394.02
2014-06-26,8.8412,9.19523,9.05723,8.98167,59608.87
2014-06-25,8.91601,9.55,9.449,9.1,92130.32
2014-06-24,9.43001,9.65342,9.582,9.449,40235.99
2014-06-23,9.5,9.709,9.63842,9.61,34978.14
2014-06-22,9.62,9.8193,9.71378,9.6379,61389.94
2014-06-21,9.51249,9.758,9.71,9.73845,37817.39
2014-06-20,9.65,9.89,9.88901,9.70741,56492.47
2014-06-19,9.452,10.09,9.51296,9.8629,122660.9
2014-06-18,9.48,9.64,9.525,9.53144,32772.89
2014-06-17,9.261,9.71663,9.58218,9.5355,66502.25
2014-06-16,9.58,10.0498,9.87111,9.5801,97166.93
2014-06-15,9.4421,9.9,9.82886,9.89999,136881.8
2014-06-14,9.5,10.2,10.18,9.89814,145194.6
2014-06-13,9.92,10.423,10.0565,10.1535,113781.1
2014-06-12,9.68,10.978,10.81,10.0574,235666.6
2014-06-11,10.76,11.0391,10.929,10.76,75808.13
2014-06-10,10.87,11.129,11.098,10.9272,61671.76
2014-06-09,10.9701,11.2,11.132,11.098,51462.79
2014-06-08,10.96,11.2,10.99,11.132,56449.96
2014-06-07,10.718,11.0943,11.02,10.99,78044.22
2014-06-06,10.95,11.189,11.1102,11.03,51215.16
2014-06-05,10.802,11.25,10.877,11.1005,68798.97
2014-06-04,10.7,11.385,11.32,10.8216,144128.5
2014-06-03,11.15,11.4299,11.267,11.35,81811.38
2014-06-02,10.9505,11.6,11.0785,11.2,202813.9
2014-06-01,10.7229,11.5,10.7991,11.0423,271064.6
2014-05-31,10.6,11.2219,11.1101,10.8658,177843.7
2014-05-30,10.51,11.3,10.5975,11.11,223691.1
2014-05-29,10.515,10.9021,10.88,10.5597,50290.13
2014-05-28,10.6992,11.11,11.018,10.8113,84495.92
2014-05-27,10.852,11.5459,11.4513,11.0069,161339.4
2014-05-26,11.31,11.7609,11.51,11.4989,147124.8
2014-05-25,10.5499,11.991,11.0929,11.51,407277.3
2014-05-24,10.81,11.18,11.1219,11.0946,107044.4
2014-05-23,10.5615,11.76,10.6322,11.1243,392439.7
2014-05-22,10.33,10.798,10.4215,10.6322,197873.3
2014-05-21,10.25,10.699,10.51,10.4955,112645.7
2014-05-20,10.2,10.752,10.226,10.51,222195.4
2014-05-19,10.1712,10.35,10.338,10.2112,40920.2
2014-05-18,10.2503,10.35,10.2503,10.338,23723.48
2014-05-17,10.1277,10.34,10.29,10.276,39910.63
2014-05-16,10.282,10.41,10.3715,10.3,40415.8
2014-05-15,10.36,10.53,10.362,10.399,72170.16
2014-05-14,10.299,10.44,10.3139,10.3764,44115.69
2014-05-13,10.28,10.4883,10.345,10.36,59798.41
2014-05-12,10.245,10.4829,10.3,10.3691,50339.03
2014-05-07,10.101,10.822,10.25,10.46,201729.3
2014-05-06,9.72,10.59,10.1426,10.25,232622.8
2014-05-05,10.0811,10.4265,10.2621,10.1426,94090.51
2014-05-04,10.151,10.3365,10.25,10.248,42437.39
2014-05-03,10.0293,10.47,10.4,10.24,140886.8
2014-05-02,10.1,11.08,11.08,10.398,176540.6
2014-05-01,10.79,11.47,10.7911,11.02,246302.6
2014-04-30,10.24,11.1399,10.336,10.858,372988.6
2014-04-29,9.88929,10.47,10.0589,10.331,194669.6
2014-04-28,9.60235,10.299,9.77,10.0589,205818.8
2014-04-27,9.7115,10.665,10.51,9.77,191151.2
2014-04-26,10.3123,10.814,10.74,10.51,134938.1
2014-04-25,10.35,12.558,12.4399,10.74,745424.0
2014-04-24,11.65,12.54,11.9729,12.242,191688.2
2014-04-23,11.781,12.13,11.85,11.9729,104157.7
2014-04-22,11.7,12.449,12.289,11.85,138824.0
2014-04-21,12.001,12.8648,12.4895,12.31,132318.0
2014-04-20,12.205,12.99,12.7339,12.4052,238123.7
2014-04-19,11.41,12.81,12.0,12.7492,333401.5
2014-04-18,11.52,12.84,12.368,12.011,487497.0
2014-04-17,12.0,13.85,13.42,12.368,554548.2
2014-04-16,12.4,14.3,13.263,13.42,822581.3
2014-04-15,11.2302,11.6,11.37,11.4,62534.84
2014-04-14,9.88,11.6255,10.3553,11.37,708911.7
2014-04-13,9.47705,10.9889,10.557,10.3553,418122.3
2014-04-12,10.5006,11.75,10.86,10.568,447467.9
2014-04-11,7.91,11.5,8.351,10.86,1322887.0
2014-04-10,7.9,11.209,11.1275,8.41173,1129906.0
2014-04-09,11.02,11.4899,11.34,11.1275,92676.32
2014-04-08,11.06,11.622,11.197,11.3,169726.2
2014-04-07,11.2,11.976,11.6364,11.241,202206.9
2014-04-06,11.051,12.12,11.24,11.711,256415.7
2014-04-05,10.81,11.3418,11.041,11.2499,139396.0
2014-04-04,10.6501,11.5009,11.1,11.091,318241.3
2014-04-03,10.2222,11.35,11.28,11.1298,610665.0
2014-04-02,10.82,13.4478,13.19,11.33,847970.7
2014-04-01,12.8163,13.89,12.8163,13.245,321157.7
2014-03-31,12.68,13.75,13.2428,12.85,322806.7
2014-03-30,12.66,13.81,13.4729,13.2,471849.6
2014-03-29,13.3545,14.1843,14.07,13.54,115869.5
2014-03-28,12.31,14.94,12.85,14.0327,802981.0
2014-03-27,12.5,16.479,16.4,12.9,1128908.0
2014-03-26,16.155,16.95,16.29,16.4,214134.8
2014-03-25,15.8001,16.45,16.3,16.2151,184655.0
2014-03-24,15.01,16.3,15.559,16.3,284615.7
2014-03-23,15.5,15.948,15.8,15.56,71676.53
2014-03-22,15.2,16.05,15.6758,15.8,217590.8
2014-03-21,15.12,17.31,16.3611,15.748,658635.2
2014-03-20,15.675,17.348,17.103,16.3986,516775.1
2014-03-19,17.07,21.1,19.3629,17.19,881760.4
2014-03-18,18.01,20.25,18.25,19.47,497748.5
2014-03-15,16.517,16.9677,16.64,16.8361,52151.16
2014-03-14,16.3811,17.01,16.933,16.603,85165.06
2014-03-13,16.8011,17.2,17.08,16.933,88101.17
2014-03-12,16.0308,17.3,16.0308,17.0957,176784.5
2014-03-11,15.82,16.3,16.0022,16.039,77889.34
2014-03-10,15.75,16.685,16.0,16.0023,147332.0
2014-03-09,15.165,16.4499,15.39,16.0,152417.5
2014-03-08,15.11,16.08,15.7503,15.4,147778.9
2014-03-07,15.46,16.5,16.348,15.7503,157544.0
2014-03-06,15.9,16.88,16.26,16.348,196609.5
2014-03-05,15.55,17.28,16.82,16.2513,292729.0
2014-03-04,14.03,18.599,14.23,16.86,419528.8
2014-03-03,12.2488,14.57,12.799,14.23,417353.2
2014-03-02,12.5623,13.6834,13.5944,12.76,118589.8
2014-03-01,12.8,13.87,13.08,13.5944,114657.1
2014-02-28,12.877,14.18,14.11,13.08,203585.1
2014-02-27,13.6501,14.44,14.13,14.12,120147.0
2014-02-26,13.63,14.97,13.74,14.13,380406.4
2014-02-25,11.436,14.6,14.6,13.74,577543.8
2014-02-24,14.3,15.3289,15.2914,14.6,280437.4
2014-02-23,14.631,16.19,14.989,15.2884,214554.5
2014-02-22,13.5,15.1,13.7999,14.67,134930.8
2014-02-21,13.0251,14.31,13.708,13.7999,257532.8
2014-02-20,13.708,15.64,15.545,13.708,278835.0
2014-02-19,15.26,15.645,15.48,15.545,56147.98
2014-02-18,15.2179,15.9,15.35,15.3961,98311.74
2014-02-17,14.8853,16.18,15.085,15.3799,205932.6
2014-02-16,14.3201,16.2901,15.9465,15.085,250452.7
2014-02-15,15.6492,16.488,16.344,15.9464,125119.6
2014-02-14,13.0,16.9898,15.2459,16.344,466581.7
2014-02-13,15.1,16.645,16.41,15.2459,101656.5
2014-02-12,16.97,17.4201,17.1173,17.05,18459.4
2014-02-11,16.75,18.72,17.82,17.3063,176938.8
2014-02-10,15.38,18.837,18.436,17.57,224786.2
2014-02-09,17.61,18.69,18.17,18.352,130682.0
2014-02-08,18.05,18.68,18.5,18.2715,33690.34
2014-02-07,17.789,19.73,19.702,18.6,379469.9
2014-02-06,19.7,20.5259,20.48,19.73,172159.8
2014-02-05,20.35,21.3172,21.139,20.48,104053.4
2014-02-04,20.81,21.49,21.225,21.139,85119.25
2014-02-03,21.1,21.9,21.71,21.23,91396.51
2014-02-02,21.49,22.4,21.732,21.701,94081.42
2014-02-01,21.188,22.5,21.217,21.732,130711.9
2014-01-31,20.8784,21.45,21.109,21.217,86174.51
2014-01-30,20.0,21.44,20.93,21.1,206171.1
2014-01-29,20.301,21.3723,20.4824,20.936,170510.4
2014-01-28,19.23,21.89,19.45,20.4824,327467.2
2014-01-27,18.7778,22.79,22.35,19.45,269453.2
2014-01-26,22.3338,22.402,22.402,22.3734,1.221892
2014-01-25,19.65,22.309,20.155,22.23,338579.9
2014-01-24,18.54,20.8,19.73,20.15,464289.6
2014-01-23,22.92,23.133,23.03,23.0,6124.33
2014-01-22,22.535,24.069,23.9525,23.121,288511.7
2014-01-21,23.701,24.25,24.033,23.98,109471.3
2014-01-20,23.7,24.5,24.41,24.02,171865.6
2014-01-19,23.46,24.49,23.896,24.41,214894.5
2014-01-18,23.15,24.499,23.1678,23.9,167106.5
2014-01-17,22.7002,24.05,23.799,23.1678,369588.5
2014-01-16,23.7177,24.98,24.489,23.8,227252.1
2014-01-15,23.5,24.965,23.69,24.489,359512.2
2014-01-14,23.2,24.35,23.7984,23.6201,251359.2
2014-01-13,22.78,24.6,24.396,23.7983,566269.2
2014-01-12,23.5101,26.55,26.25,24.3972,694040.8
2014-01-11,24.011,26.4,24.222,26.25,743372.8
2014-01-10,22.84,24.4901,23.722,24.1781,317240.8
2014-01-09,22.2222,24.58,23.9,23.722,718919.7
2014-01-08,20.111,25.25,21.64,23.93,1571085.0
2014-01-07,21.51,29.751,28.602,21.7,1544918.0
2014-01-06,25.58,31.6,26.089,28.5604,1530803.0
2014-01-05,23.981,26.9,24.001,26.1,847930.0
2014-01-04,23.288,24.8,24.0791,24.1,326334.8
2014-01-03,23.0,25.3,24.84,24.06,623064.1
2014-01-02,23.52,25.89,23.7,24.85,719843.6
2014-01-01,23.32,23.94,23.64,23.719,256923.1
2013-12-31,23.0,23.79,23.51,23.507,264733.1
2013-12-30,22.85,23.98,23.1536,23.52,403533.1
2013-12-29,21.7001,23.78,21.95,23.2,381044.9
2013-12-28,21.52,22.85,22.57,21.93,425443.9
2013-12-27,21.05,24.59,24.0518,22.55,1293225.0
2013-12-26,21.2899,24.89,21.3,24.0518,1984682.0
2013-12-25,16.96,21.34,17.239,21.314,1321126.0
2013-12-24,16.75,17.65,17.24,17.19,365274.9
2013-12-23,16.25,17.68,16.43,17.24,549065.7
2013-12-22,15.7,17.9,16.2517,16.52,773559.4
2013-12-21,15.4,18.79,16.812,16.22,1129053.0
2013-12-20,16.3,21.5,19.7,16.88,2368381.0
2013-12-19,12.8,20.0,12.98,19.7,2790774.0
2013-12-18,9.12,21.351,21.24,13.0099,5425766.0
2013-12-17,18.53,26.3,24.01,21.3,2215019.0
2013-12-16,22.6,31.098,30.828,24.0,1664873.0
2013-12-15,27.2,31.33,29.55,30.84,577431.4
2013-12-14,29.08,30.4789,30.331,29.55,172632.0
2013-12-13,28.88,31.9,31.055,30.331,472502.9
2013-12-12,28.5999,31.95,30.26,31.06,464475.3
2013-12-11,27.5,36.12,35.2499,30.26,1168309.0
2013-12-10,30.6501,35.8,30.6501,35.2499,778611.1
2013-12-09,25.71,32.76,26.901,30.65,1108425.0
2013-12-08,20.66,27.4,23.1546,26.901,972616.6
2013-12-07,17.6131,31.49,30.0,23.15,2554306.0
2013-12-06,28.4001,36.0,35.41,30.0001,1173207.0
2013-12-05,28.6748,41.7,41.689,35.5,1516288.0
2013-12-04,35.4,42.97,36.37,41.689,843704.0
2013-12-03,28.58,36.9427,31.277,36.3898,689821.8
2013-12-02,25.0,33.62,31.75,31.001,767937.5
2013-12-01,23.548,38.89,37.6,31.7495,976137.8
2013-11-30,30.0,39.888,33.45,37.69,514951.8
2013-11-29,26.291,43.99,40.5101,33.45,1102156.0
2013-11-28,33.0,48.4799,35.5,40.6,1726687.0
2013-11-27,17.0,36.7,18.9,35.5,1791439.0
2013-11-26,10.9,19.711,11.47,19.0,1454589.0
2013-11-25,9.21659,11.48,9.3,11.47,811680.8
2013-11-24,8.5,9.8,9.6,9.32,545361.3
2013-11-23,8.99,9.9899,9.19,9.64253,725814.1
2013-11-22,8.2,9.4504,8.67002,9.199,768039.6
2013-11-21,7.06,8.8,7.34,8.67001,1061995.0
2013-11-20,5.3,7.85,7.57427,7.35,1885900.0
2013-11-19,5.66,9.999,8.98,7.5,1853434.0
2013-11-18,4.001,9.47,4.11001,8.98,3277092.0
2013-11-17,4.09,4.199,4.1281,4.1208,269003.5
2013-11-16,4.0223,4.1925,4.062,4.1218,122774.2
2013-11-15,3.93322,4.27386,4.10929,4.07,457796.1
2013-11-14,3.933,4.198,3.9331,4.1091,385927.1
2013-11-13,3.77,4.0888,3.7981,3.9312,526659.0
2013-11-12,3.7,3.85,3.74426,3.787,235248.3
2013-11-11,3.395,3.89567,3.64888,3.74426,423644.5
2013-11-10,2.95,4.14,4.118,3.63,1346007.0
2013-11-09,3.80001,4.3,4.28299,4.118,684964.0
2013-11-08,4.0951,4.46,4.14,4.281,671674.5
2013-11-07,3.197,4.3,3.2452,4.132,1762456.0
2013-11-06,2.92,3.36979,2.949,3.249,715166.9
2013-11-05,2.855,2.9998,2.99,2.94,347934.1
2013-11-04,2.69941,3.06,2.81084,2.99,525757.4
2013-11-03,2.539,3.29,2.60174,2.813,1319511.0
2013-11-02,2.33,2.6355,2.36,2.60174,327756.2
2013-11-01,2.25,2.39,2.28059,2.3591,249197.7
2013-10-31,2.12,2.33,2.19631,2.28052,216848.0
2013-10-30,2.0436,2.23,2.066,2.19631,340288.1
2013-10-29,2.0412,2.09635,2.074,2.07622,43789.08
2013-10-28,2.021,2.10957,2.03102,2.074,79922.04
2013-10-27,2.02056,2.17,2.1388,2.03102,163169.0
2013-10-26,2.05,2.1982,2.06512,2.1388,86756.48
2013-10-25,2.025,2.4512,2.117,2.074,690877.3
2013-10-24,1.801,2.1998,2.025,2.1199,537379.2
2013-10-23,1.6201,2.2,1.63488,2.025,569808.7
2013-10-22,1.56202,1.71,1.69756,1.62,248405.1
2013-10-21,1.64001,1.76101,1.76101,1.69756,146315.9
2013-10-20,1.7,1.7988,1.7119,1.76101,41680.14
2013-10-19,1.65,1.82085,1.8069,1.71001,247052.7
2013-10-18,1.8,1.85136,1.83508,1.8024,59632.2
2013-10-17,1.81707,1.84395,1.82001,1.83602,13128.29
2013-10-16,1.7711,1.91235,1.87201,1.81632,179822.8
2013-10-15,1.8111,1.93931,1.93931,1.88701,110141.6
2013-10-14,1.8944,1.99059,1.98902,1.92693,119613.7
2013-10-13,1.96435,2.04,1.97,1.98902,106151.5
2013-10-12,1.9407,1.976,1.97388,1.962,15720.01
2013-10-11,1.77,2.09,1.92,1.97389,258233.7
2013-10-10,1.75403,2.257,1.82357,1.91453,620699.5
2013-10-09,1.73,1.913,1.90667,1.81689,156923.3
2013-10-08,1.80025,2.018,2.014,1.9,94571.91
2013-10-07,1.991,2.047,2.0399,2.007,46123.6
2013-10-06,1.983,2.04,2.0051,2.02,32507.61
2013-10-05,1.9588,2.0544,2.036,2.00512,92690.08
2013-10-04,2.015,2.14369,2.04,2.05,120511.3
2013-10-03,1.72,2.1,1.778,2.03998,240110.3
2013-10-02,1.11,2.31889,2.27699,1.77999,818517.1
2013-10-01,2.133,2.32999,2.15,2.27699,73348.58
2013-09-30,2.075,2.28,2.07505,2.16,66795.47
2013-09-29,2.04,2.15,2.05,2.07505,51079.33
2013-09-28,2.03132,2.21179,2.2023,2.045,122285.4
2013-09-27,2.16,2.3,2.3,2.20256,61187.95
2013-09-26,2.27501,2.32,2.28,2.3,42044.25
2013-09-25,2.28,2.3726,2.355,2.28,109192.4
2013-09-24,2.331,2.37797,2.37,2.355,30224.82
2013-09-23,2.362,2.41,2.38753,2.37,25268.94
2013-09-22,2.36,2.4305,2.399,2.38753,41396.91
2013-09-21,2.335,2.429,2.335,2.399,49393.09
2013-09-20,2.27001,2.455,2.44532,2.335,181059.1
2013-09-19,2.44,2.49999,2.45,2.44531,43491.94
2013-09-18,2.42,2.46998,2.46881,2.44393,24172.49
2013-09-17,2.46002,2.49519,2.4815,2.46002,18501.94
2013-09-16,2.465,2.531,2.49622,2.48,27850.53
2013-09-15,2.4331,2.54899,2.45699,2.49623,57726.19
2013-09-14,2.405,2.511,2.46998,2.4351,66274.53
2013-09-13,2.4,2.51999,2.49915,2.46998,62630.65
2013-09-12,2.49013,2.52353,2.509,2.49915,30864.75
2013-09-11,2.5011,2.55,2.51022,2.5082,38765.09
2013-09-10,2.49,2.56491,2.55,2.52096,42001.62
2013-09-09,2.531,2.58441,2.5811,2.54797,28481.52
2013-09-08,2.5451,2.58964,2.54666,2.5811,17705.15
2013-09-07,2.531,2.58122,2.55981,2.54666,25369.19
2013-09-06,2.529,2.64999,2.62,2.55,59827.51
2013-09-05,2.51,2.64699,2.56302,2.59099,49581.56
2013-09-04,2.36047,2.88,2.36736,2.56302,338406.1
2013-09-03,2.31,2.367,2.35738,2.367,14841.78
2013-09-02,2.34979,2.38017,2.355,2.35004,19879.5
2013-09-01,2.35,2.39113,2.35612,2.36,11582.2
2013-08-31,2.346,2.43016,2.41,2.35848,53990.54
2013-08-30,2.36847,2.41,2.408,2.39799,36357.6
2013-08-29,2.37,2.41,2.39,2.392,15739.41
2013-08-28,2.32819,2.3999,2.35878,2.39949,26134.51
2013-08-27,2.285,2.35999,2.31001,2.35879,37163.12
2013-08-26,2.31001,2.362,2.324,2.31001,23193.23
2013-08-25,2.26,2.41,2.39007,2.34144,43758.98
2013-08-24,2.38373,2.427,2.42,2.38601,18179.41
2013-08-23,2.37508,2.49,2.412,2.42,43928.16
2013-08-22,2.3,2.43,2.34143,2.422,59313.65
2013-08-21,2.31,2.40995,2.34973,2.34151,64498.95
2013-08-20,2.325,2.36191,2.35386,2.327,12284.19
2013-08-19,2.33,2.40827,2.39811,2.34957,70190.03
2013-08-18,2.39,2.41727,2.3964,2.39811,4917.867
2013-08-17,2.37993,2.42,2.41,2.40368,15671.3
2013-08-16,2.37,2.42,2.38896,2.41,23437.7
2013-08-15,2.348,2.4388,2.35817,2.38968,31982.29
2013-08-14,2.35002,2.3985,2.38,2.35817,23255.91
2013-08-13,2.312,2.44,2.335,2.3905,21069.05
2013-08-12,2.312,2.42,2.4086,2.335,35917.17
2013-08-11,2.27,2.47197,2.29998,2.4109,131311.2
2013-08-10,2.2502,2.48,2.46025,2.29934,174700.6
2013-08-09,2.46013,2.492,2.4761,2.46025,22050.45
2013-08-08,2.475,2.55,2.54065,2.4761,41170.96
2013-08-07,2.48,2.5985,2.581,2.54065,81775.61
2013-08-06,2.58,2.619,2.59001,2.581,42972.64
2013-08-05,2.57011,2.692,2.68275,2.59001,119393.4
2013-08-04,2.67,2.721,2.7,2.684,22168.24
2013-08-03,2.6235,2.789,2.63002,2.712,60474.99
2013-08-02,2.62,2.66333,2.64999,2.63002,23178.31
2013-08-01,2.625,2.69,2.62519,2.64999,37212.65
2013-07-31,2.59,2.663,2.64091,2.62517,47780.55
2013-07-30,2.6122,2.689,2.67799,2.62331,70097.05
2013-07-29,2.6434,2.71,2.6701,2.678,29978.47
2013-07-28,2.6502,2.71,2.67378,2.66601,41353.59
2013-07-27,2.63102,2.692,2.68998,2.67,33393.46
2013-07-26,2.59,2.711,2.711,2.68998,90350.0
2013-07-25,2.683,2.7299,2.709,2.71,43875.57
2013-07-24,2.678,2.71211,2.7,2.70264,14593.03
2013-07-23,2.6611,2.709,2.683,2.7,44003.95
2013-07-22,2.6611,2.725,2.699,2.684,41450.63
2013-07-21,2.66,2.725,2.6921,2.699,23864.1
2013-07-20,2.67502,2.73,2.7,2.6931,26949.49
2013-07-19,2.6221,2.719,2.68,2.68051,39166.91
2013-07-18,2.601,2.83,2.82394,2.6771,135594.1
2013-07-17,2.76,2.85,2.8148,2.82394,95556.79
2013-07-16,2.7431,2.88,2.755,2.81,186154.0
2013-07-15,2.6601,2.77499,2.675,2.75,76536.76
2013-07-14,2.6,2.73,2.632,2.675,56774.9
2013-07-13,2.51,2.6433,2.60101,2.63201,64048.55
2013-07-12,2.53185,2.66706,2.54837,2.5998,129885.6
2013-07-11,2.50469,2.639,2.5778,2.54,97509.94
2013-07-10,2.43876,2.60598,2.46,2.5778,120256.5
2013-07-09,2.35835,2.52,2.487,2.46945,121765.0
2013-07-08,2.39,2.59,2.57556,2.4879,162978.4
2013-07-07,2.3164,2.59,2.37197,2.586,75115.55
2013-07-06,2.26642,2.55,2.37536,2.37196,93280.85
2013-07-05,2.23863,2.6988,2.69,2.37536,271893.7
2013-07-04,2.55,2.733,2.64197,2.698,114730.7
2013-07-03,2.621,2.86,2.69116,2.64196,232410.1
2013-07-02,2.6278,2.79049,2.72899,2.69299,93740.13
2013-07-01,2.53,2.991,2.76229,2.715,389916.8
2013-06-30,2.598,2.77968,2.61999,2.76219,97113.45
2013-06-29,2.512,2.68,2.574,2.6198,69802.49
2013-06-28,2.49,2.83548,2.83137,2.57151,187747.1
2013-06-27,2.6705,2.845,2.724,2.83137,66997.06
2013-06-26,2.638,2.73666,2.66,2.72,39505.94
2013-06-25,2.6,2.74936,2.682,2.638,92400.0
2013-06-24,2.4,2.94999,2.92,2.682,327573.3
2013-06-23,2.716,3.209,2.72,2.92,242862.2
2013-06-22,2.64195,3.347,2.78999,2.72002,392075.1
2013-06-21,2.15,2.8299,2.211,2.78,278845.5
2013-06-20,2.1946,2.28943,2.24406,2.21884,65597.08
2013-06-19,2.19,2.27069,2.23639,2.25,159683.6
2013-06-18,2.162,2.33015,2.25529,2.235,69790.91
2013-06-17,2.112,2.26999,2.1596,2.25,64195.71
2013-06-16,2.05201,2.22825,2.101,2.15,75318.28
2013-06-15,2.02,2.178,2.14211,2.1009,100844.2
2013-06-14,2.10377,2.32611,2.31394,2.14426,151538.3
2013-06-13,2.252,2.479,2.37358,2.31394,90454.75
2013-06-12,2.28,2.4,2.39899,2.3853,54706.12
2013-06-11,2.22,2.455,2.43,2.39899,98816.03
2013-06-10,2.26252,2.54,2.4427,2.44682,73224.19
2013-06-09,2.06,2.61113,2.6,2.4427,201143.2
2013-06-08,2.554,2.67,2.631,2.6,37967.57
2013-06-07,2.606,2.79279,2.785,2.63,103608.7
2013-06-06,2.765,2.84004,2.83,2.77301,25022.75
2013-06-05,2.79501,2.909,2.8,2.83188,47189.82
2013-06-04,2.6852,2.899,2.689,2.81252,74769.36
2013-06-03,2.626,2.79,2.7,2.689,78750.17
2013-06-02,2.61067,2.83,2.792,2.68282,99858.66
2013-06-01,2.7715,2.8875,2.88692,2.79202,25847.93
2013-05-31,2.63,2.93838,2.93837,2.87,113347.6
2013-05-30,2.856,3.0,2.98351,2.92009,39184.28
2013-05-29,2.961,3.019,3.0054,2.99,33273.36
2013-05-28,2.961,3.07,3.02299,3.01,46472.2
2013-05-27,2.95,3.15204,3.1351,3.02299,88254.63
2013-05-26,3.0013,3.1797,3.00832,3.13513,76308.58
2013-05-25,3.0,3.05,3.0445,3.009,39388.33
2013-05-24,2.9812,3.062,3.01473,3.04153,79669.42
2013-05-23,2.93,3.03,2.937,3.005,54560.43
2013-05-22,2.902,2.96,2.912,2.9375,27800.68
2013-05-21,2.85,2.98021,2.97768,2.93807,61281.2
2013-05-20,2.94,3.05999,3.05,2.96,52192.97
2013-05-19,2.95,3.169,3.05989,3.051,103103.8
2013-05-18,2.873,3.09,2.8839,3.05999,124681.9
2013-05-17,2.63156,3.19,2.66434,2.8839,192256.9
2013-05-16,2.5236,2.74,2.705,2.6643,148826.7
2013-05-15,2.5,2.90864,2.6299,2.7087,324412.8
2013-05-14,2.52,3.1689,3.15393,2.6299,245280.2
2013-05-13,3.10491,3.2263,3.1899,3.14133,46824.39
2013-05-12,3.121,3.275,3.2732,3.1901,37580.61
2013-05-11,3.21,3.34,3.3329,3.258,36754.81
2013-05-10,3.247,3.429,3.269,3.30501,74584.22
2013-05-09,3.2016,3.339,3.29,3.2689,43212.34
2013-05-08,3.2163,3.46,3.282,3.29,70923.55
2013-05-07,2.939,3.32899,3.31001,3.276,171398.2
2013-05-06,3.0,3.65,3.5501,3.337,177951.3
2013-05-05,3.375,3.69531,3.44,3.5625,139927.2
2013-05-04,2.94,3.639,3.0383,3.44,244102.3
2013-05-03,2.4346,3.434,3.41,3.019,525072.0
2013-05-02,3.06498,3.97605,3.764,3.41,347406.7
2013-05-01,3.305,4.195,4.11,3.7779,304724.6
2013-04-30,4.036,4.195,4.097,4.11492,212373.5
2013-04-29,3.9,4.1988,4.0998,4.091,394199.6
2013-04-28,3.99,4.19,4.051,4.06502,113205.3
2013-04-27,3.81004,4.334,3.91492,4.0511,264026.2
2013-04-26,3.3,4.1,3.7998,3.877,257219.8
2013-04-25,3.111,4.5,3.14,3.79,559462.5
2013-04-24,2.786,3.21,2.8003,3.137,371795.2
2013-04-23,2.57127,2.85,2.59,2.81988,203127.6
2013-04-22,2.49001,2.609,2.50499,2.59,93420.84
2013-04-21,2.2,2.64489,2.5832,2.5,278952.4
2013-04-20,2.39,2.65,2.54898,2.5832,118975.3
2013-04-19,2.242,2.77,2.3275,2.55046,424426.7
2013-04-18,2.01378,2.41,2.1101,2.3272,245828.2
2013-04-17,1.77946,2.2,1.8789,2.1101,321026.2
2013-04-16,1.3,2.37683,2.365,1.8789,487108.8
2013-04-15,2.116,2.69,2.24004,2.365,285490.3
2013-04-14,2.15142,2.532,2.16011,2.25,159948.1
2013-04-13,1.94163,2.76,2.4,2.1601,451632.8
2013-04-12,1.11,2.49,1.597,2.4,677366.2
2013-04-11,1.15,3.81,3.2313,1.597,646050.8
2013-04-10,2.25,4.9995,4.84,3.21998,549429.2
2013-04-09,4.18,5.0,4.2785,4.84,268463.8
2013-04-08,3.73,4.495,3.788,4.2785,318374.3
2013-04-07,2.7001,3.94509,2.99986,3.78699,329640.4
2013-04-06,1.51,3.54,3.51201,2.99998,502247.0
2013-04-05,2.7814,4.29,3.9999,3.56,339965.8
2013-04-04,3.69425,5.0,4.377,3.9999,301117.3
2013-04-03,2.6614,5.89999,3.13559,4.377,574971.8
2013-04-02,1.52,4.6,1.81001,3.13559,605418.7
2013-04-01,0.823001,1.86,0.829,1.81001,566653.2
2013-03-31,0.78,0.84855,0.79965,0.829,91756.18
2013-03-30,0.676,0.8247,0.688747,0.78704,279721.2
2013-03-29,0.615,0.694507,0.67108,0.688,88253.23
2013-03-28,0.5481,0.7209,0.55033,0.679997,341537.6
2013-03-27,0.5411,0.565,0.563999,0.55146,69618.48
2013-03-26,0.54,0.5889,0.54,0.563,85486.69
2013-03-25,0.51,0.598798,0.591999,0.53999,107359.9
2013-03-24,0.5011,0.599,0.50112,0.589999,119225.7
2013-03-23,0.458,0.5403,0.49164,0.50301,131193.6
2013-03-22,0.35047,0.51,0.43965,0.487499,153975.7
2013-03-21,0.375363,0.53999,0.53999,0.42828,156476.3
2013-03-20,0.4747,0.54999,0.500011,0.530065,133526.3
2013-03-19,0.44003,0.5558,0.521807,0.50501,225000.3
2013-03-18,0.510011,0.609999,0.565,0.52021,120965.1
2013-03-17,0.402561,0.6,0.582003,0.5568,226036.3
2013-03-16,0.573455,0.649761,0.646,0.58999,97472.03
2013-03-15,0.61782,0.659768,0.61782,0.641003,44403.08
2013-03-14,0.55,0.699,0.661117,0.62982,131713.2
2013-03-13,0.412,0.752494,0.649,0.661117,371561.1
2013-03-12,0.3125,0.65,0.429989,0.649,453104.7
2013-03-11,0.330001,0.449,0.335,0.433025,256301.5
2013-03-10,0.220484,0.353,0.222,0.332553,226959.8
2013-03-09,0.2074,0.224651,0.209,0.22441,78014.1
2013-03-08,0.19001,0.210971,0.205,0.20998,38940.51
2013-03-07,0.14,0.22,0.1755,0.205,189137.9
2013-03-06,0.1495,0.22,0.184494,0.18596,140405.7
2013-03-05,0.1222,0.215,0.130717,0.183,191177.1
2013-03-04,0.093999,0.65401,0.109999,0.130756,146494.7
2013-03-03,0.078301,0.109992,0.078798,0.104786,182381.6
2013-03-02,0.075,0.079997,0.076099,0.078798,83961.3
2013-03-01,0.070001,0.079999,0.07137,0.076007,167629.3
2013-02-28,0.06592,0.072126,0.066398,0.07137,65340.26
2013-02-27,0.062704,0.06699,0.065,0.066398,50846.27
2013-02-26,0.062703,0.067,0.066415,0.06588,33623.11
2013-02-25,0.063805,0.06799,0.067001,0.066415,22991.59
2013-02-24,0.06489,0.069999,0.06936,0.068408,61553.19
2013-02-23,0.062705,0.071,0.062991,0.0695,56977.49
2013-02-22,0.06299,0.07,0.066101,0.067479,71069.08
2013-02-21,0.06605,0.072,0.06605,0.067082,28245.83
2013-02-20,0.065,0.072449,0.072449,0.06605,140090.3
2013-02-19,0.07111,0.074419,0.074299,0.072449,47258.87
2013-02-18,0.073152,0.0746,0.073303,0.074039,11562.27
2013-02-17,0.0733,0.07498,0.07498,0.07478,19656.26
2013-02-16,0.073394,0.076,0.076,0.07498,4499.237
2013-02-15,0.07111,0.0762,0.074053,0.076198,31393.81
2013-02-14,0.072,0.077681,0.074209,0.075989,19472.28
2013-02-13,0.071001,0.07961,0.072773,0.07421,49853.6
2013-02-12,0.0719,0.081196,0.081196,0.0723,117979.7
2013-02-11,0.0797,0.0816,0.0801,0.081196,80798.98
2013-02-10,0.07934,0.0815,0.08,0.0801,59327.28
2013-02-09,0.0771,0.0815,0.0772,0.08001,130080.3
2013-02-08,0.073601,0.077769,0.07495,0.077,61929.98
2013-02-07,0.070701,0.07495,0.070701,0.07349,56130.98
2013-02-06,0.0703,0.0724,0.07069,0.071,17858.29
2013-02-05,0.069603,0.071998,0.0703,0.070836,17934.69
2013-02-04,0.069006,0.070957,0.069601,0.0702,43430.95
2013-02-03,0.067261,0.07,0.06844,0.068943,48142.82
2013-02-02,0.065,0.071106,0.07005,0.067193,83714.89
2013-02-01,0.06877,0.073388,0.06913,0.070051,10652.74
2013-01-31,0.06461,0.075226,0.06465,0.0707,175836.0
2013-01-30,0.0645,0.065749,0.06455,0.0648,23537.33
2013-01-29,0.06276,0.0655,0.06276,0.0645,48850.74
2013-01-28,0.06201,0.064989,0.063804,0.06276,23682.45
2013-01-27,0.063664,0.066,0.064,0.065031,10709.43
2013-01-26,0.06101,0.065,0.064,0.064,14230.42
2013-01-25,0.0601,0.06499,0.061,0.064,27447.15
2013-01-24,0.059249,0.065,0.0607,0.06226,58206.87
2013-01-23,0.053005,0.07,0.0545,0.0605,135251.0
2013-01-22,0.054001,0.057,0.055075,0.0545,29397.01
2013-01-21,0.053,0.058,0.057215,0.05559,84351.94
2013-01-20,0.055237,0.059,0.058001,0.05611,24285.38
2013-01-19,0.057132,0.0609,0.06029,0.058997,31026.49
2013-01-18,0.0594,0.063394,0.063144,0.061613,63268.31
2013-01-17,0.060501,0.064,0.06285,0.0625,36978.89
2013-01-16,0.060166,0.064,0.062002,0.061818,30526.88
2013-01-15,0.0575,0.0649,0.061679,0.063,38187.66
2013-01-14,0.05111,0.0665,0.0633,0.061679,55885.61
2013-01-13,0.063298,0.067996,0.067993,0.063301,43935.43
2013-01-12,0.063323,0.070542,0.0678,0.068641,27850.24
2013-01-11,0.067201,0.07,0.07,0.06876,48953.37
2013-01-10,0.07,0.071578,0.071578,0.07,33251.98
2013-01-09,0.0708,0.07161,0.071602,0.071592,40102.35
2013-01-08,0.071602,0.072894,0.072753,0.071602,20621.29
2013-01-07,0.07125,0.078,0.07293,0.072898,47716.49
2013-01-06,0.070925,0.075,0.07323,0.072934,18182.82
2013-01-05,0.068,0.075,0.068826,0.074308,22095.51
2013-01-04,0.066,0.0708,0.070799,0.069908,9839.301
2013-01-03,0.06,0.070896,0.0703,0.0702,32233.83
2013-01-02,0.065,0.072,0.0705,0.0701,20831.46
2013-01-01,0.069469,0.071765,0.070301,0.070499,10473.34
2012-12-31,0.070002,0.0718,0.07146,0.071382,32616.93
2012-12-30,0.07145,0.0747,0.07405,0.07145,21077.31
2012-12-29,0.07401,0.07475,0.074022,0.0747,4203.021
2012-12-28,0.07401,0.075898,0.0749,0.07402,10000.46
2012-12-27,0.074002,0.076197,0.076178,0.074839,11386.38
2012-12-26,0.074001,0.076519,0.076301,0.075302,21467.75
2012-12-25,0.076272,0.077,0.076273,0.076997,3824.37
2012-12-24,0.075601,0.077,0.0761,0.076908,6437.556
2012-12-23,0.0763,0.07789,0.0766,0.0763,4697.827
2012-12-22,0.077,0.078,0.0777,0.077,24976.55
2012-12-21,0.076501,0.0779,0.076502,0.077205,18292.45
2012-12-20,0.075,0.076898,0.075,0.07685,5120.656
2012-12-19,0.075,0.0769,0.076605,0.07501,10244.39
2012-12-18,0.07632,0.0774,0.076663,0.076482,5638.408
2012-12-17,0.075,0.07789,0.076851,0.076606,39743.3
2012-12-16,0.0768,0.078999,0.078245,0.077787,60682.45
2012-12-15,0.077201,0.0783,0.077201,0.0777,4231.746
2012-12-14,0.077,0.078993,0.07785,0.07805,25573.75
2012-12-13,0.07698,0.079831,0.07906,0.078459,73697.83
2012-12-12,0.07814,0.079875,0.079599,0.079828,49888.36
2012-12-11,0.0778,0.079876,0.0789,0.078621,14031.26
2012-12-10,0.077002,0.079199,0.07835,0.078,9029.066
2012-12-09,0.077016,0.079886,0.077102,0.07835,24730.35
2012-12-08,0.077102,0.078689,0.0774,0.077102,10611.14
2012-12-07,0.077139,0.079899,0.079001,0.078695,30490.67
2012-12-06,0.074,0.080101,0.074604,0.080101,57961.81
2012-12-05,0.072201,0.079325,0.076104,0.074313,65432.92
2012-12-04,0.074689,0.07798,0.0747,0.07792,29417.05
2012-12-03,0.072,0.079299,0.0784,0.0747,25218.5
2012-12-02,0.07672,0.082196,0.082,0.0792,42531.48
2012-12-01,0.080301,0.083999,0.083399,0.081501,38606.06
2012-11-30,0.078,0.084,0.078,0.0824,46185.6
2012-11-29,0.067661,0.0837,0.068525,0.078359,115190.2
2012-11-28,0.061889,0.0726,0.0625,0.06853,82337.54
2012-11-27,0.06,0.0637,0.061042,0.0625,48025.05
2012-11-26,0.061,0.062309,0.06127,0.061042,16936.0
2012-11-25,0.061111,0.0639,0.0623,0.06126,34398.37
2012-11-24,0.060001,0.065,0.0611,0.0625,45430.81
2012-11-23,0.05859,0.061997,0.060185,0.0609,24690.97
2012-11-22,0.058561,0.062381,0.061416,0.060939,20816.38
2012-11-21,0.056782,0.063,0.0579,0.061415,39355.07
2012-11-20,0.056749,0.059531,0.0585,0.056782,11192.37
2012-11-19,0.05801,0.063,0.062199,0.0585,25542.5
2012-11-18,0.05611,0.062425,0.058349,0.062,30534.6
2012-11-17,0.0551,0.0629,0.059699,0.059481,62010.66
2012-11-16,0.055,0.065695,0.063759,0.0609,113817.4
2012-11-15,0.05961,0.068204,0.068204,0.064099,23418.57
2012-11-14,0.066869,0.0689,0.068794,0.067899,8026.221
2012-11-13,0.060101,0.068997,0.065557,0.068384,24374.46
2012-11-12,0.050887,0.069999,0.069999,0.0651,41159.5
2012-11-11,0.0685,0.071247,0.070406,0.06957,10182.58
2012-11-10,0.0681,0.0727,0.072599,0.0705,14349.59
2012-11-09,0.070693,0.0731,0.0718,0.0724,8289.779
2012-11-08,0.07029,0.073698,0.072246,0.0732,15753.57
2012-11-07,0.072246,0.07439,0.073001,0.0733,19074.17
2012-11-06,0.0727,0.07499,0.073995,0.074,23609.13
2012-11-05,0.070002,0.076,0.071,0.07262,20163.77
2012-11-04,0.07201,0.077299,0.077299,0.07201,22829.49
2012-11-03,0.0756,0.077299,0.077,0.077299,18778.86
2012-11-02,0.077,0.079001,0.0785,0.077,35731.7
2012-11-01,0.0778,0.080988,0.07911,0.079001,78875.62
2012-10-31,0.0771,0.0798,0.078877,0.07911,45051.29
2012-10-30,0.0765,0.078998,0.0765,0.078876,8600.397
2012-10-29,0.0752,0.0776,0.0752,0.0776,16143.83
2012-10-28,0.075,0.079199,0.077249,0.077246,25039.26
2012-10-27,0.072401,0.081,0.0752,0.076,31656.47
2012-10-26,0.01,0.16,0.07525,0.073383,521719.6
2012-10-25,0.070001,0.0849,0.0848,0.07363,42160.99
2012-10-24,0.0839,0.086,0.085977,0.083918,15882.52
2012-10-23,0.08002,0.085998,0.0832,0.085994,43370.64
2012-10-22,0.081001,0.0849,0.081409,0.0832,15120.69
2012-10-21,0.075,0.086779,0.082201,0.083,19345.5
2012-10-20,0.071886,0.0877,0.075675,0.083,76897.05
2012-10-19,0.0553,0.086522,0.086242,0.075675,120848.7
2012-10-18,0.0855,0.0899,0.0886,0.0876,35135.67
2012-10-17,0.0884,0.09087,0.09,0.088906,17282.49
2012-10-16,0.0855,0.0922,0.09,0.088411,57513.53
2012-10-15,0.07931,0.094995,0.089598,0.08999,50437.93
2012-10-14,0.076701,0.095,0.0799,0.089598,104647.7
2012-10-13,0.0735,0.0899,0.0887,0.0798,152701.2
2012-10-12,0.07805,0.101917,0.089,0.0887,182608.0
2012-10-11,0.077002,0.088753,0.0781,0.088753,24542.56
2012-10-10,0.072,0.0814,0.075107,0.0784,41387.89
2012-10-09,0.059898,0.1,0.059898,0.075107,78370.01
2012-10-08,0.054615,0.061999,0.055301,0.059712,74724.4
2012-10-07,0.053705,0.0566,0.053705,0.056198,7560.244
2012-10-06,0.0534,0.056,0.0544,0.0537,7476.751
2012-10-05,0.053205,0.057998,0.0574,0.055998,31799.65
2012-10-04,0.055596,0.059999,0.0583,0.0574,56489.81
2012-10-03,0.05,0.062795,0.05,0.056,59171.63
2012-10-02,0.04791,0.0629,0.0495,0.059999,54823.31
2012-10-01,0.046309,0.05,0.047396,0.048,54202.16
2012-09-30,0.0462,0.048558,0.047424,0.047404,9080.252
2012-09-29,0.044045,0.048,0.044997,0.046101,8552.532
2012-09-28,0.04302,0.05,0.04302,0.044996,64789.41
2012-09-27,0.0418,0.046681,0.0418,0.043016,29211.22
2012-09-26,0.04071,0.0459,0.042041,0.044898,67694.14
2012-09-25,0.04041,0.042876,0.04042,0.042087,27563.74
2012-09-24,0.0404,0.046,0.0425,0.04042,61939.53
2012-09-23,0.039355,0.0427,0.039625,0.042002,47033.44
2012-09-22,0.0394,0.040999,0.04075,0.039625,9865.91
2012-09-21,0.03932,0.041699,0.0397,0.039356,11497.36
2012-09-20,0.0386,0.042,0.0395,0.04,23563.92
2012-09-19,0.0376,0.0399,0.039,0.0394,25544.11
2012-09-18,0.0368,0.03921,0.03799,0.0382,27601.49
2012-09-17,0.0369,0.039,0.0379,0.0371,8794.157
2012-09-16,0.0352,0.039,0.03591,0.0378,21721.56
2012-09-15,0.0329,0.0375,0.0342,0.03591,23220.05
2012-09-14,0.03,0.034,0.031,0.0334,4963.488
2012-09-13,0.029,0.039,0.0386,0.0291,82850.63
2012-09-12,0.0375,0.03921,0.0389,0.0376,18415.57
2012-09-11,0.038,0.039498,0.039045,0.0381,18158.62
2012-09-10,0.0387,0.039688,0.0395,0.039045,13799.2
2012-09-09,0.03866,0.0399,0.038989,0.0395,27218.72
2012-09-08,0.03866,0.039,0.038811,0.038989,13520.02
2012-09-07,0.038713,0.03925,0.03899,0.03925,10482.31
2012-09-06,0.038001,0.03998,0.03998,0.038712,9637.164
2012-09-05,0.037703,0.03998,0.038899,0.03998,26971.3
2012-09-04,0.037553,0.0393,0.038,0.0378,3988.739
2012-09-03,0.037154,0.0392,0.03778,0.0385,12329.56
2012-09-02,0.037,0.039598,0.037212,0.03778,2533.755
2012-09-01,0.0364,0.039999,0.038799,0.03821,36837.45
2012-08-31,0.0369,0.039999,0.0385,0.039993,25760.53
2012-08-30,0.0385,0.040999,0.03922,0.0385,14087.09
2012-08-29,0.03889,0.0411,0.0389,0.041,9501.539
2012-08-28,0.038033,0.0463,0.03918,0.0389,51317.87
2012-08-27,0.00337,0.0425,0.039989,0.03918,42427.65
2012-08-26,0.039003,0.041299,0.041,0.0396,5307.825
2012-08-25,0.0383,0.0417,0.040004,0.0405,9790.699
2012-08-24,0.0387,0.0411,0.0396,0.04,11186.28
2012-08-23,0.0392,0.0407,0.0407,0.040494,1703.37
2012-08-22,0.03871,0.040999,0.039,0.0407,20345.36
2012-08-21,0.037255,0.0429,0.037255,0.039,19983.61
2012-08-20,0.037001,0.044999,0.038501,0.037256,35922.7
2012-08-19,0.037202,0.053,0.0405,0.0385,85173.83
2012-08-18,0.040001,0.0505,0.046,0.0469,34675.22
2012-08-17,0.042,0.052398,0.043901,0.046999,93165.52
2012-08-16,0.030012,0.04875,0.033001,0.046,59097.35
2012-08-15,0.015,0.048699,0.048,0.032011,127905.5
2012-08-14,0.045,0.048999,0.046201,0.046018,38023.15
2012-08-13,0.0461,0.0532,0.052001,0.0461,45348.57
2012-08-12,0.049372,0.055,0.049807,0.052,24741.05
2012-08-11,0.04925,0.05176,0.04925,0.05139,5940.397
2012-08-10,0.049,0.052398,0.052398,0.04925,2854.346
2012-08-09,0.049,0.05772,0.052501,0.051199,56122.03
2012-08-08,0.0517,0.05995,0.059939,0.052501,26547.16
2012-08-07,0.047001,0.05999,0.047089,0.05994,22790.41
2012-08-06,0.04643,0.0503,0.0497,0.047089,6945.441
2012-08-05,0.0451,0.05498,0.04838,0.046434,11933.73
2012-08-04,0.03,0.05712,0.054,0.04838,34805.57
2012-08-03,0.050003,0.063497,0.0581,0.0535,87338.41
2012-08-02,0.058,0.063494,0.063494,0.058,25353.23
2012-07-31,0.060013,0.063996,0.060013,0.063996,94.98079
2012-07-30,0.055101,0.0666,0.057887,0.060011,36957.45
2012-07-29,0.050006,0.059849,0.0515,0.0555,9631.065
2012-07-28,0.050003,0.058502,0.055,0.050003,19224.81
2012-07-27,0.04,0.0725,0.050999,0.055,62080.61
2012-07-26,0.043,0.08,0.044,0.049005,43015.72
2012-07-25,0.0386,0.0495,0.0481,0.044,37114.33
2012-07-24,0.046852,0.053999,0.051,0.0481,10745.28
2012-07-23,0.045002,0.05499,0.047599,0.049101,6775.386
2012-07-22,0.046414,0.0516,0.048002,0.047599,6545.843
2012-07-21,0.047004,0.053,0.053,0.049002,2757.806
2012-07-20,0.0413,0.058,0.0471,0.058,38275.11
2012-07-19,0.045003,0.05498,0.0523,0.047,31218.42
2012-07-18,0.046,0.057,0.054,0.0481,20013.15
2012-07-17,0.040004,0.0599,0.0549,0.058,60791.61
2012-07-16,0.0399,0.05496,0.040203,0.052,29000.93
2012-07-15,0.0361,0.04699,0.0361,0.040203,12164.67
2012-07-14,0.033,0.0499,0.035,0.04,11654.16
2012-07-13,0.03,0.0399,0.03,0.035,7782.302
